mass_g,group,metabolic_loss_per_day,fmr_w_per_g,whole_body_fmr_w
0.01,ectotherm,0.04111532513388751,0.0033311027307547755,3.331102730754776e-05
0.01,mammal endotherm,2.168727572481606,0.17570709499272275,0.0017570709499272275
0.01,bird endotherm,3.156091555196022,0.2557018621107888,0.002557018621107888
0.01087751473730729,ectotherm,0.04056570051755285,0.003286572958598032,3.574974579238571e-05
0.01087751473730729,mammal endotherm,2.1200299058686567,0.17176168218843282,0.001868340229309369
0.01087751473730729,bird endotherm,3.08522313617232,0.24996020779173891,0.0027189458439950322
0.011832032686033727,ectotherm,0.04002342321558083,0.003242638454966039,3.836700418814808e-05
0.011832032686033727,mammal endotherm,2.072425720411956,0.16790486160745013,0.0019866558106833195
0.011832032686033727,bird endotherm,3.015946031192297,0.24434747937900558,0.002891127362762346
0.012870310991463341,ectotherm,0.039488395009975495,0.003199291262382274,4.1175873499131206e-05
0.012870310991463341,mammal endotherm,2.025890462552324,0.1641346439567855,0.002112463912196939
0.012870310991463341,bird endotherm,2.9482245081143224,0.2388607819074104,0.003074212546812472
0.01399969974833705,ectotherm,0.038960518995707016,0.003156523529744781,4.419038166498799e-05
0.01399969974833705,mammal endotherm,1.9804001300681757,0.16044908461200497,0.002246239009463596
0.01399969974833705,bird endotherm,2.8820236371437034,0.2334972854167352,0.003268891887886052
0.015228194033041341,ectotherm,0.03843969956316005,0.0031143275109041706,4.742558361848738e-05
0.015228194033041341,mammal endotherm,1.9359312596955138,0.15684628261421987,0.002388485625010579
0.015228194033041341,bird endotherm,2.81730927281639,0.22825422349206864,0.003475899604198404
0.016564490501698212,ectotherm,0.0379258423808169,0.0030726955632606285,5.0897636472240916e-05
0.016564490501698212,mammal endotherm,1.8924609150259137,0.1533243796895995,0.002539740231047141
0.016564490501698212,bird endotherm,2.7540480363872355,0.2231288918369288,0.0036960164094872548
0.01801804895482089,ectotherm,0.037418854378171995,0.0030316201463796754,5.462388020989027e-05
0.01801804895482089,mammal endotherm,1.8499666746762529,0.1498815592909001,0.002700573272728328
0.01801804895482089,bird endotherm,2.692207298613716,0.21811864687842608,0.003930072457414772
0.01959915930435884,ectotherm,0.03691864372887484,0.0029910938206264342,5.8622924284740815e-05
0.01959915930435884,mammal endotherm,1.8084266207240796,0.1465160456605157,0.0028715913195451613
0.01959915930435884,bird endotherm,2.631755162926235,0.21322090440374586,0.0041789504724284825
0.02131901441719966,ectotherm,0.036425119834098324,0.002951109245818151,6.291474055832838e-05
0.02131901441719966,mammal endotherm,1.7678193274026623,0.14322610291456755,0.003053439352954988
0.02131901441719966,bird endotherm,2.5726604489763205,0.20843313822724818,0.004443589078888874
0.023189789350795586,ectotherm,0.03593819330612931,0.002911659179894736,6.752076304306915e-05
0.023189789350795586,mammal endotherm,1.7281238500498868,0.14001003414756027,0.0032468031988796197
0.023189789350795586,bird endotherm,2.5148926765542576,0.2037528788874977,0.004724986341019238
0.025224727541833063,ectotherm,0.03545777595217867,0.0028727364776070683,7.246399494712352e-05
0.025224727541833063,mammal endotherm,1.6893197143052943,0.1368661805571419,0.003452412114245234
0.025224727541833063,bird endotherm,2.458422049867822,0.19917771237355036,0.0050242035270284
0.02743823455808502,ectotherm,0.03498378075840763,0.00283433408922284,7.776912355607257e-05
0.02743823455808502,mammal endotherm,1.6513869055497026,0.13379292058851758,0.003671041537318988
0.02743823455808502,bird endotherm,2.40321944217404,0.19470527887984124,0.005342369111602441
0.0298459800771264,ectotherm,0.034516121874167686,0.002796445059249697,8.346264352514502e-05
0.0298459800771264,mammal endotherm,1.61430585858195,0.13078866909807466,0.0039035160122150134
0.0298459800771264,bird endotherm,2.3492563807560334,0.1903332715890305,0.005680683031860492
0.032465008813832213,ectotherm,0.03405471459645133,0.0027590625251754553,8.957298919773532e-05
0.032465008813832213,mammal endotherm,1.5780574475274436,0.12785187653578825,0.0041507122985993536
0.032465008813832213,bird endotherm,2.29650503223719,0.18605943548217976,0.006040421212825612
0.0353138611819271,ectotherm,0.03359947535455041,0.0027221797162251486,9.61306766110326e-05
0.0353138611819271,mammal endotherm,1.5426229759733057,0.1249810281459854,0.004413562678321852
0.0353138611819271,bird endotherm,2.244938188225113,0.18188156617564574,0.006422940379478242
0.03841270454376358,ectotherm,0.033150321694919715,0.0026857899521346993,0.00010316845589795914
0.03841270454376358,mammal endotherm,1.507984167325032,0.12217464318605585,0.004693058471445702
0.03841270454376358,bird endotherm,2.1945292512779195,0.1777975087840907,0.006829683173540486
0.041783475977461904,ectotherm,0.032707172266242965,0.002649886641940981,0.00011072147484653817
0.041783475977461904,mammal endotherm,1.4741231553796859,0.11943127416270602,0.004990253774935094
0.041783475977461904,bird endotherm,2.1452522211856553,0.173805156809023,0.007262183594288812
0.0454500375720767,ectotherm,0.03226994680469824,0.0026144632827880517,0.00011882745443353193
0.0454500375720767,mammal endotherm,1.4410224751107636,0.1167495060853628,0.005306269438101137
0.0454500375720767,bird endotherm,2.0970816815597635,0.16990245105229565,0.0077220727839147595
0.04943834535014343,ectotherm,0.03183856611942052,0.002579513458749348,0.00012752687720899323
0.04943834535014343,mammal endotherm,1.4086650536599847,0.11412795573634135,0.005642297289799127
0.04943834535014343,bird endotherm,2.0499927867236702,0.16608737855400107,0.00821108517925271
0.05377663301342724,ectotherm,0.031412952078158585,0.0025450308396656263,0.00013686318947255297
0.05377663301342724,mammal endotherm,1.3770342015313553,0.11156527095740146,0.005999604633319751
0.05377663301342724,bird endotherm,2.003961248897742,0.1623579715542152,0.00873106505307549
0.058495611812632055,ectotherm,0.03099302759312351,0.0025110091799984326,0.00014688301825114384
0.058495611812632055,mammal endotherm,1.346113603982964,0.10906012995232348,0.00637953902592632
0.058495611812632055,bird endotherm,1.9589633256719925,0.15871230647805495,0.00928397346962779
0.06362868795597115,ectotherm,0.0305787166070265,0.002477442317698906,0.00015763640416178163
0.06362868795597115,mammal endotherm,1.3158873126120705,0.1066112406051446,0.006783533361063707
0.06362868795597115,bird endotherm,1.9149758077600905,0.15514850294352583,0.009871895680629678
0.0692121990956603,ectotherm,0.030169944079303228,0.0024443241730916967,0.00016917705132235775
0.0692121990956603,mammal endotherm,1.286339737129149,0.10421733981370421,0.00721311127240618
0.0692121990956603,bird endotherm,1.8719760070283384,0.15166472279164778,0.010497048989643655
0.07528567156644912,ectotherm,0.029766635972522423,0.0024116487477738075,0.00018156259555853716
0.07528567156644912,mammal endotherm,1.2574556373166375,0.1018771928381535,0.007669892880125027
0.07528567156644912,bird endotherm,1.8299417447934578,0.14825916913835885,0.011161791114465114
0.08189210019721267,ectotherm,0.029368719238976097,0.0023794101235281562,0.00019485489224622995
0.08189210019721267,mammal endotherm,1.2292201151682511,0.09958959266409442,0.008155600901047617
0.08189210019721267,bird endotherm,1.7888513403831419,0.14493008544770825,0.011868629079074319
0.0890782526764226,ectotherm,0.028976121807449077,0.0023476024612516613,0.00020912032522716706
0.0890782526764226,mammal endotherm,1.2016186072048056,0.09735335938001898,0.008672067145751906
0.0890782526764226,bird endotherm,1.7486835999534736,0.14167575462586013,0.012620228668685216
0.09689500062613693,ectotherm,0.028588772570165295,0.0023162199998976512,0.00022443013834035378
0.09689500062613693,mammal endotherm,1.1746368769625792,0.09516733956872749,0.009221239427099636
0.09689500062613693,bird endotherm,1.7094178055574416,0.13849449813544087,0.013419424483550064
0.10539767972822035,ectotherm,0.028206601369908754,0.0022852570554324223,0.00024086079122512236
0.10539767972822035,mammal endotherm,1.1482610076503512,0.09303040571241272,0.009805188906263277
0.10539767972822035,bird endotherm,1.6710337044589243,0.13538467512977395,0.014269230629437074
0.11464648145217106,ectotherm,0.02782953898731644,0.00225470801980573,0.000258494341172719
0.11464648145217106,mammal endotherm,1.1224773949713174,0.0909414556111021,0.010426117903951655
0.11464648145217106,bird endotherm,1.6335114986866108,0.13234468160655413,0.015172852085099293
0.12470687915764175,ectotherm,0.027457517128341342,0.0022245673599350624,0.000277418852933456
0.12470687915764175,mammal endotherm,1.0972727401061895,0.08889941181415888,0.01108636820629374
0.12470687915764175,bird endotherm,1.5968318348224977,0.12937294958052642,0.016133696789606387
0.13565009158808475,ectotherm,0.02709046841188284,0.002194829616703471,0.00029772883852606676
0.13565009158808475,mammal endotherm,1.0726340428538528,0.08690322106454826,0.011788429896705546
0.13565009158808475,bird endotherm,1.5609757940196638,0.12646794627474128,0.017155388495125636
0.14755358703664753,ectotherm,0.026728326357582623,0.0021654894039708143,0.0003195257292457455
0.14755358703664753,mammal endotherm,1.0485485949260493,0.0849518537555827,0.012534950747048924
0.14755358703664753,bird endotherm,1.5259248822442062,0.12362817332997042,0.018241780433625537
0.16050163175336873,ectotherm,0.02637102537378361,0.002136541407598209,0.00034291838222815185
0.16050163175336873,mammal endotherm,1.025003973392623,0.0830443033998653,0.013328746203500207
0.16050163175336873,bird endotherm,1.4916610207362788,0.12085216603187446,0.019396969849044893
0.1745858864759136,ectotherm,0.026018500745649972,0.00210798038448553,0.00036802362409924346
0.1745858864759136,mammal endotherm,1.0019880342739504,0.08117958611015802,0.0141728100047897
0.1745858864759136,bird endotherm,1.4581665366853254,0.11813849255552406,0.020625313449734287
0.18990605530676075,ectotherm,0.025670688623445813,0.0020798011616217672,0.00039496683442600855
0.18990605530676075,mammal endotherm,0.9794889062772496,0.0793567400919068,0.01507032547285789
0.18990605530676075,bird endotherm,1.4254241541146977,0.11548575322688523,0.02193144383944779
0.20657059153031834,ectotherm,0.02532752601097071,0.0020519986351480897,0.0004238825718819468
0.20657059153031834,mammal endotherm,0.957494984673536,0.07757482514716148,0.01602467751851016
0.20657059153031834,bird endotherm,1.3934169849709521,0.11289257980088732,0.023320286988852964
0.2246974653665322,ectotherm,0.024988950754149683,0.0020245677694334233,0.000454915246254464
0.2246974653665322,mammal endotherm,0.9359949253120697,0.07583292218963528,0.017039465407348506
0.2246974653665322,bird endotherm,1.3621285204132336,0.11035763475570179,0.024797080813451715
0.24441499909600484,ectotherm,0.02465490152977579,0.0019975035961623906,0.0004882198396502971
0.24441499909600484,mammal endotherm,0.9149776387692035,0.07413013277065306,0.018118516334125884
0.24441499909600484,bird endotherm,1.3315426222982514,0.1078796106028676,0.02636739492797724
0.265862775468574,ectotherm,0.024325317834403205,0.001970801213435445,0.0005239626805007809
0.265862775468574,mammal endotherm,0.8944322846286182,0.07246557861574453,0.019265899856717984
0.265862775468574,bird endotherm,1.3016435148564558,0.10545722921290729,0.028037151651769114
0.2891926258260833,ectotherm,0.024000139973388717,0.0019444557848810303,0.0005623222742324629
0.2891926258260833,mammal endotherm,0.8743482658899885,0.07083840117164258,0.020485943244148815
0.2891926258260833,bird endotherm,1.272415776555118,0.10308924115608595,0.02981264834434683
0.31456970493438136,ectotherm,0.023679309050079783,0.0019184625387796122,0.0006034901947515668
0.31456970493438136,mammal endotherm,0.8547152235032031,0.06924776116345395,0.02178324779655422
0.31456970493438136,bird endotherm,1.2438443321441282,0.10077442505797335,0.0317005811554186
0.3421736601334139,ectotherm,0.02336276695514708,0.001892816767199416,0.0006476720411945202
0.3421736601334139,mammal endotherm,0.8355230310253141,0.06769283816177313,0.023162706198632747
0.3421736601334139,bird endotherm,1.2159144448803945,0.0985115869694764,0.033708070278896864
0.3721999030819585,ectotherm,0.023050456356059644,0.0018675138251437213,0.0006950884647227107
0.3721999030819585,mammal endotherm,0.8167617893974621,0.06617283015951661,0.024629520972030982
0.3721999030819585,bird endotherm,1.1886117089268415,0.09629955975101724,0.03584268680616389
0.40486099309983486,ectotherm,0.02274232068670077,0.0018425491297095532,0.0007459762704894461
0.40486099309983486,mammal endotherm,0.7984218218390834,0.06468695315825906,0.026189224096255265
0.40486099309983486,bird endotherm,1.1619220419220846,0.09413720247053926,0.038112481279862755
0.44038814190043185,ectotherm,0.02243830413712263,0.0018179181592576205,0.0008005896002825168
0.44038814190043185,mammal endotherm,0.7804936688567642,0.06323444076385822,0.027847697872108446
0.44038814190043185,bird endotherm,1.1358316777169513,0.09202339981503077,0.04052601405590194
0.4790328503657321,ectotherm,0.022138351643437932,0.0017936164525933509,0.0008592012017486659
0.4790328503657321,mammal endotherm,0.7629680833651696,0.06181454379115958,0.029611197106336543
0.4790328503657321,bird endotherm,1.1103271592740953,0.08995706151526235,0.04309238758818163
0.5210686889507569,ectotherm,0.02184240887784667,0.0017696396081588739,0.0009221037905386755
0.5210686889507569,mammal endotherm,0.7458360259175283,0.060426529877577524,0.03148637270115306
0.5210686889507569,bird endotherm,1.08539533172705,0.08793712178344154,0.045821280757800925
0.5667932343211246,ectotherm,0.02155042223879619,0.0017459832832358026,0.0009896115121758367
0.5667932343211246,mammal endotherm,0.7290886600432158,0.05906968310535313,0.03348029673760699
0.5667932343211246,bird endotherm,1.0610233355951364,0.08596253876349484,0.04872298537621629
0.6165301759334096,ectotherm,0.02126233884127282,0.0017226431931586777,0.00106206151094861
0.6165301759334096,mammal endotherm,0.7127173476900281,0.05774330363229394,0.03560048914739448
0.6165301759334096,bird endotherm,1.0371986001507263,0.0840322939936931,0.051808445000019604
0.6706316074710319,ectotherm,0.020978106507223235,0.0016996151105389196,0.0011398156136627712
0.6706316074710319,mammal endotherm,0.6967136447687986,0.05644670733080544,0.03785494607370493
0.6706316074710319,bird endotherm,1.0139088369354403,0.08214539188134355,0.05508929620372328
0.7294805193570227,ectotherm,0.020697673756103943,0.0016768948644991619,0.0012232621366619729
0.7294805193570227,mammal endotherm,0.6810692967980568,0.05517922543502775,0.04025217002806228
0.7294805193570227,bird endotherm,0.9911420334219369,0.08030085918927729,0.05857791246620915
0.793493509988459,ectotherm,0.020420989795557013,0.0016544783399178135,0.0013128178251412648
0.793493509988459,mammal endotherm,0.6657762346464852,0.05394020419589579,0.04280120195689555
0.793493509988459,bird endotherm,0.9688864468180219,0.07849774453386751,0.06228745083635591
0.8631237348857151,ectotherm,0.020148004512210525,0.001632361476683723,0.0014089299344388162
0.8631237348857151,mammal endotherm,0.6508265703709764,0.052729004543944843,0.04551165533877552
0.8631237348857151,bird endotherm,0.947130598009884,0.0767351178943193,0.06623190155384055
0.9388641146339076,ectotherm,0.019878668462601962,0.0016105402689608073,0.0015120784637001439
0.9388641146339076,mammal endotherm,0.6362125931481435,0.051545001759687556,0.04839375244091227
0.9388641146339076,bird endotherm,0.9258632656413319,0.07501207013297828,0.07042614081225523
1.021250824325929,ectotherm,0.019612932864222943,0.0015890107644625068,0.0016227785530701097
1.021250824325929,mammal endotherm,0.6219267652971899,0.0503875851513927,0.051458362871652744
1.021250824325929,bird endotherm,0.9050734803259791,0.07332771252641035,0.07488598686353132
1.1108670892092511,ectotherm,0.019350749586683657,0.0015677690637359444,0.0017415830563846614
1.1108670892092511,mammal endotherm,0.6079617183920791,0.049256157740099005,0.054717044574375505
1.1108670892092511,bird endotherm,0.884750518989391,0.07168117630701085,0.07962825967526428
1.208347313406328,ectotherm,0.019092071142995434,0.0015468113194556487,0.0018690853022107305
1.208347313406328,mammal endotherm,0.5943102494610062,0.048150135951701895,0.05818208741738844
1.208347313406328,bird endotherm,0.864883899338275,0.07007161221490654,0.08467084436593236
1.3143815709363003,ectotherm,0.01883685068096984,0.0015261337357267233,0.002005922057023375
1.3143815709363003,mammal endotherm,0.5809653172712088,0.047068949315954414,0.06186655954422526
1.3143815709363003,bird endotherm,0.8454633744538658,0.06849819005991968,0.0900327586572505
1.4297204908304713,ectotherm,0.018585041974732753,0.0015057325673973297,0.002152776705318736
1.4297204908304713,mammal endotherm,0.5679200386971983,0.046012040172226716,0.06578435665914734
1.4297204908304713,bird endotherm,0.8264789275067087,0.0669600982933676,0.09573422459805013
1.5551805709238662,ectotherm,0.018336599416351844,0.0014856041193803578,0.002310382662544792
1.5551805709238662,mammal endotherm,0.5551676851705434,0.04497886338187272,0.0699502544337274
1.5551805709238662,bird endotherm,0.8079207665901226,0.06545654358947753,0.1017967448301866
1.6916499579398319,ectotherm,0.01809147800757601,0.0014657447459841674,0.0024795270378946462
1.6916499579398319,mammal endotherm,0.5427016792093692,0.04396888604705538,0.07437996423216249
1.6916499579398319,bird endotherm,0.789779319669676,0.0639867504362006,0.10824318368410527
1.8400947347855778,ectotherm,0.017849633351685264,0.0014461508502522783,0.002661054565254904
1.8400947347855778,mammal endotherm,0.5305155910257875,0.04298158723588556,0.07909019236548002
1.8400947347855778,bird endotherm,0.7720452296460648,0.06254996073521359,0.11509785340991115
2.001565759567167,ectotherm,0.017611021645449514,0.001426818883311882,0.0028558718219409245
2.001565759567167,mammal endotherm,0.5186031352095025,0.042016457713732844,0.08409870309810943
2.001565759567167,bird endotherm,0.7547093495288578,0.06114543341090283,0.12238660586915737
2.177206104738152,ectotherm,0.017375599671194862,0.0014077453437310653,0.0030649517562879834
2.177206104738152,mammal endotherm,0.5069581674858873,0.04107299968056957,0.08942438564444423
2.177206104738152,bird endotherm,0.7377627377186073,0.05977244402812791,0.13013693003315957
2.3682591490444644,ectotherm,0.01714332478897597,0.0013889267768846271,0.0032893385467098577
2.3682591490444644,mammal endotherm,0.4955746815468532,0.04015072651421264,0.09508732540806625
2.3682591490444644,bird endotherm,0.7211966533949008,0.058430284418568346,0.1383780556555447
2.5760773795493983,ectotherm,0.016914154928853047,0.0013703597743283719,0.003530152816491737
2.5760773795493983,mammal endotherm,0.4844468059528834,0.03924916251933083,0.10110887973230623
2.5760773795493983,bird endotherm,0.7050025520079697,0.05711826231546051,0.14714106351002665
2.8021319660492523,ectotherm,0.016688048583272094,0.0013520409731817668,0.0037885972303609685
2.8021319660492523,mammal endotherm,0.4735688011046271,0.038367842682087844,0.10751175844782723
2.8021319660492523,bird endotherm,0.6891720808715336,0.055835700996536286,0.15645900260916243
3.0480231756580594,ectotherm,0.016464964799546997,0.001333967055518854,0.004065962500785808
3.0480231756580594,mammal endotherm,0.46293505628249687,0.03750631243029488,0.11432010952101075
3.0480231756580594,bird endotherm,0.6736970748546035,0.05458193893497945,0.16636701484617034
3.3154917012874705,ectotherm,0.016244863172442114,0.001316134747767301,0.004363633833998565
3.3154917012874705,mammal endotherm,0.45254008675273893,0.036664127398948754,0.12155961012616116
3.3154917012874705,bird endotherm,0.6585695521700238,0.05335632945821952,0.176902467529887
3.6064309842174476,ectotherm,0.01602770383685404,0.0012985408201154893,0.0046830978479356355
3.6064309842174476,mammal endotherm,0.4423785309384863,0.03584085320103477,0.1292575634850009
3.6064309842174476,bird endotherm,0.6437817102575802,0.05215824041438729,0.188105094312709
3.922900617990692,ectotherm,0.015813447460591167,0.0012811820859275251,0.005025949996643692
3.922900617990692,mammal endotherm,0.43244514765433406,0.03503606520347614,0.13744300183867872
3.922900617990692,bird endotherm,0.6293259217595509,0.050987053846259914,0.2000171450430177
4.267140928518562,ectotherm,0.015602055237249795,0.0012640554011660713,0.0053939025382306926
4.267140928518562,mammal endotherm,0.42273481340301006,0.03424934830811424,0.14614679594064225
4.267140928518562,bird endotherm,0.6151947305866248,0.04984216567252747,0.21268354510724488
4.6415888336127775,ectotherm,0.015393488879185464,0.0012471576638228964,0.005788793086154954
4.6415888336127775,mammal endotherm,0.41324251973274917,0.033480296737606996,0.15540177148331893
4.6415888336127775,bird endotherm,0.6013808480721553,0.04872298537621629,0.22615206486252418
5.0488950942143935,ectotherm,0.015187710610578248,0.001230485813357034,0.006212593786558736
5.0488950942143935,mammal endotherm,0.40396337065400467,0.032728513826134634,0.16524283289769912
5.0488950942143935,bird endotherm,0.5878771492127731,0.047628935700108926,0.24047349979893276
5.491943079443554,ectotherm,0.014984683160590725,0.0012140368301404524,0.006667421167479447
5.491943079443554,mammal endotherm,0.3948925801141665,0.03199361181480516,0.17570709499272272
5.491943079443554,bird endotherm,0.5746766689934081,0.04655945234900297,0.25570186211078877
5.973869178310004,ectotherm,0.014784369756617465,0.0011978077349111373,0.0071555467091269625
5.973869178310004,mammal endotherm,0.38602546952898464,0.031275211651653846,0.18683402293093682
5.973869178310004,bird endotherm,0.5617725987948359,0.04551398369865568,0.27189458439950315
6.498085002581286,ectotherm,0.014586734117624716,0.0011817955882334839,0.00767940818801673
6.498085002581286,mammal endotherm,0.3773574653694214,0.03057294279613368,0.19866558106833182
6.498085002581286,bird endotherm,0.549158282881889,0.04449199051126415,0.28911273627623446
7.068301537985341,ectotherm,0.014391740447579102,0.0011659974899658994,0.008241621851613014
7.068301537985341,mammal endotherm,0.36888409680269074,0.029886443027995778,0.21124639121969382
7.068301537985341,bird endotherm,0.5368272149705232,0.04349294565733405,0.30742125468124715
7.688555414716732,ectotherm,0.014199353428964253,0.0011504105787355297,0.008844995484284466
7.688555414716732,mammal endotherm,0.36060099338626617,0.02921535826046138,0.22462390094635953
7.688555414716732,bird endotherm,0.5247730348719692,0.0425163338437938,0.32688918878860507
8.363237483218501,ectotherm,0.014009538216384005,0.0011350320314200005,0.009492542429825388
8.363237483218501,mammal endotherm,0.35250388281366934,0.028559342357588953,0.2388485625010578
8.363237483218501,bird endotherm,0.5129895252122386,0.04156165134821378,0.34758996041984025
9.097123897530997,ectotherm,0.013822260430251176,0.0011198590626360907,0.010187496640573442
9.097123897530997,mammal endotherm,0.34458858871087533,0.027918056955742218,0.253974023104714
9.097123897530997,bird endotherm,0.5014706082252905,0.04062840575899345,0.36960164094872533
9.895409926250375,ectotherm,0.013637486150560678,0.00110488892423524,0.010933328828281493
9.895409926250375,mammal endotherm,0.3368510284821982,0.027291171289066985,0.27005732727283266
9.895409926250375,bird endotherm,0.490210342618207,0.03971611572138251,0.3930072457414771
10.76374673044853,ectotherm,0.013455181910745889,0.0010901189048058012,0.011733763797403575
10.76374673044853,mammal endotherm,0.32928721120454685,0.026678362018886896,0.28715913195451603
10.76374673044853,bird endotherm,0.4792029205067589,0.038824310689205,0.4178950472428482
11.708281368909704,ectotherm,0.013275314691617138,0.001075546329181944,0.012592799047360178
11.708281368909704,mammal endotherm,0.3218932355689633,0.0260793130669299,0.30534393529549875
11.708281368909704,bird endotherm,0.4684426644197818,0.037952530682158245,0.44435890788888727
12.735700313885566,ectotherm,0.01309785191538122,0.0010611685579591265,0.013514724736685541
12.735700313885566,mammal endotherm,0.31466528786838416,0.025493715452299646,0.3246803198879619
12.735700313885566,bird endotherm,0.45792402437081825,0.037100326048561665,0.4724986341019236
13.853276785421931,ectotherm,0.012922761439740877,0.0010469829870160432,0.014504145108761062
13.853276785421931,mammal endotherm,0.3075996400305839,0.02492126713210749,0.34524121142452324
13.853276785421931,bird endotherm,0.44764157499551305,0.03626725723343277,0.5024203527028398
15.0689222393424,ectotherm,0.01275001155207313,0.001032987047042962,0.015566001486138323
15.0689222393424,mammal endotherm,0.30069264769528914,0.02436167284568315,0.3671041537318987
15.0689222393424,bird endotherm,0.43759001275328857,0.035452894551771065,0.5342369111602441
16.391242373378454,ectotherm,0.012579570963685446,0.001019178203076367,0.016705596948289058
16.391242373378454,mammal endotherm,0.29394074833446954,0.02381464396228341,0.39035160122150114
16.391242373378454,bird endotherm,0.42776415319185357,0.03465681796693258,0.5680683031860491
17.829598047919983,ectotherm,0.012411408804148687,0.0010055539540398243,0.01792862281602667
17.829598047919983,mammal endotherm,0.2873404594148365,0.02327989833222055,0.4150712298599352
17.829598047919983,bird endotherm,0.41815892827313705,0.03387861687398101,0.6040421212825609
19.39417155265149,ectotherm,0.012245494615705836,0.000992111832290982,0.019241187074866706
19.39417155265149,mammal endotherm,0.2808883766016024,0.022757160141333527,0.441356267832185
19.39417155265149,bird endotherm,0.40876938375926686,0.03311788988790357,0.6422940379478238
21.09603868818324,ectotherm,0.012081798347755416,0.0009788494031746286,0.020649844879277037
21.09603868818324,mammal endotherm,0.2745811720025731,0.022246159768726986,0.46930584714456997
21.09603868818324,bird endotherm,0.399590676657244,0.03237424463658227,0.6829683173540483
22.94724717295179,ectotherm,0.011920290351408699,0.0009657642645817233,0.022161631290160817
22.94724717295179,mammal endotherm,0.26841559245166907,0.02174663364770467,0.4990253774935092
22.94724717295179,bird endotherm,0.3906180727209963,0.03164729755841405,0.7262183594288809
24.960901930441615,ectotherm,0.011760941374119671,0.0009528540465143252,0.023784096409068523
24.960901930441615,mammal endotherm,0.26238845783098824,0.021258324129825437,0.5306269438101133
24.960901930441615,bird endotherm,0.38184694400952157,0.03093667370447513,0.7722072783914756
27.151257860486062,ectotherm,0.011603722554386752,0.000940116410656334,0.025525343084604732
27.151257860486062,mammal endotherm,0.2564966594305473,0.02078097935201193,0.5642297289799125
27.151257860486062,bird endotherm,0.3732727664998625,0.03024200654512775,0.8211085179252707
29.533820751386752,ectotherm,0.01144860541652537,0.0009275490499499721,0.027394067379341552
29.533820751386752,mammal endotherm,0.2507371583448524,0.020314353106643132,0.5999604633319748
29.533820751386752,bird endotherm,0.36489111775367916,0.029562937780969373,0.8731065053075487
32.125457047220124,ectotherm,0.011295561865510412,0.0009151496881779268,0.029399601999336878
32.125457047220124,mammal endotherm,0.2451069839054763,0.01985820471456405,0.6379539025926316
32.125457047220124,bird endotherm,0.35669767463621904,0.028899117158027003,0.9283973469627785
34.94451324738692,ectotherm,0.011144564181887601,0.0009029160795510788,0.031551962903151334
34.94451324738692,mammal endotherm,0.23960323214882923,0.01941229890094681,0.6783533361063705
34.94451324738692,bird endotherm,0.34868821108650594,0.028250202287101175,0.9871895680629673
38.010945783648104,ectotherm,0.010995585016752933,0.0008908460083017421,0.03386189932313685
38.010945783648104,mammal endotherm,0.2342230643183362,0.018976405673939274,0.721311127240618
38.010945783648104,bird endotherm,0.34085859593759793,0.0276158584671665,1.0497048989643654
41.346462294062064,ectotherm,0.01084859738679918,0.0008789372882823409,0.036340947448810966
41.346462294062064,mammal endotherm,0.22896370540024655,0.018550300206038494,0.7669892880125023
41.346462294062064,bird endotherm,0.3332047907857901,0.02699575851273762,1.1161791114465112
44.974675293918025,ectotherm,0.010703574669428662,0.0008671877625694518,0.03900148804042037
44.974675293918025,mammal endotherm,0.2238224426923222,0.018133762718127958,0.8155600901047613
44.974675293918025,bird endotherm,0.3257228479076641,0.026389582585111673,1.1868629079074313
48.921269331520335,ectotherm,0.010560490597931306,0.0008555953030731382,0.04185680826042476
48.921269331520335,mammal endotherm,0.21879662440466402,0.01772657836611861,0.8672067145751903
48.921269331520335,bird endotherm,0.31840890822390866,0.025797018027400004,1.262022866868521
53.21418281213916,ectotherm,0.010419319256727197,0.0008441578101515089,0.044921168031697455
53.21418281213916,mammal endotherm,0.21388365829195619,0.017328537130135338,0.9221239427099631
53.21418281213916,bird endotherm,0.311259199308861,0.0252177592032642,1.3419424483550058
57.88380577728079,ectotherm,0.010280035076672713,0.0008328732122304281,0.04820987125384607
57.88380577728079,mammal endotherm,0.2090810103164239,0.01693943370619175,0.980518890626327
57.88380577728079,bird endotherm,0.30427003344474446,0.02465150733927328,1.4269230629437064
62.963195039380466,ectotherm,0.010142612830429394,0.0008217394654283074,0.05173934223331876
62.963195039380466,mammal endotherm,0.20438620334081228,0.016559067400297292,1.0426117903951653
62.963195039380466,bird endotherm,0.2974378057195958,0.024097970370800584,1.5172852085099289
68.48830819488143,ectotherm,0.010007027627894752,0.0008107545531859173,0.05552720770900049
68.48830819488143,mammal endotherm,0.19979681585071438,0.016187242024942136,1.1086368206293735
68.48830819488143,bird endotherm,0.2907589921679029,0.02355686279138102,1.6133696789606382
74.49825817230663,ectotherm,0.009873254911694124,0.0007999164859011443,0.05959238488294773
74.49825817230663,mammal endotherm,0.19531048070558885,0.015823765797906505,1.1788429896705546
74.49825817230663,bird endotherm,0.28423014795299406,0.023027905505450908,1.715538849512563
81.03559011729885,ectotherm,0.00974127045273282,0.0007892233005686312,0.06395517589590136
81.03559011729885,mammal endotherm,0.19092488391782242,0.015468451243342096,1.2534950747048919
81.03559011729885,bird endotherm,0.2778479055902402,0.02251082568439446,1.8241780433625527
88.14658257473113,ectotherm,0.009611050345807708,0.0007786730604242356,0.06863736921940349
88.14658257473113,mammal endotherm,0.18663776345920838,0.015121115095074751,1.33287462035002
88.14658257473113,bird endotherm,0.27160897321015465,0.022005356625822713,1.9396969849044885
95.88157509999117,ectotherm,0.00948257100527748,0.0007682638545942404,0.07366234847088635
95.88157509999117,mammal endotherm,0.18244690809422445,0.01478157820207837,1.4172810004789695
95.88157509999117,bird endotherm,0.2655101328604934,0.021511237616012195,2.0625313449734284
104.29532461863896,ectotherm,0.009355809160790781,0.0007579937977492531,0.07905520919517332
104.29532461863896,mammal endotherm,0.17835015623950923,0.01444966543607135,1.5070325472857886
104.29532461863896,bird endotherm,0.2595482388464816,0.021028213795432536,2.1931443839447784
113.44739305714943,ectotherm,0.009230741853071456,0.0007478610297627338,0.08484288419561739
113.44739305714943,mammal endotherm,0.17434539484894826,0.014125205601187938,1.6024677518510166
113.44739305714943,bird endotherm,0.2537202161083091,0.02055603602729356,2.332028698885297
123.40256898882342,ectotherm,0.009107346429760134,0.0007378637153740849,0.09105427804080007
123.40256898882342,mammal endotherm,0.17043055832379544,0.01380803134567787,1.7039465407348495
123.40256898882342,bird endotherm,0.24802305863505866,0.020094460769044104,2.4797080813451706
134.2313262797505,ectotherm,0.008985600541311398,0.0007280000438562475,0.09772041141854064
134.2313262797505,mammal endotherm,0.1666036274472658,0.013497979075588664,1.8118516334125871
134.2313262797505,bird endotherm,0.24245382791424777,0.019643249946756185,2.6367394927977212
146.01032298162906,ectotherm,0.008865482136945812,0.0007182682286877393,0.10487457605813942
146.01032298162906,mammal endotherm,0.16286262834305304,0.01319488887038624,1.9265899856717976
146.01032298162906,bird endotherm,0.23700965141618657,0.01920217083232993,2.8037151651769103
158.8229440031669,ectotherm,0.008746969460656048,0.0007086665072290779,0.11255250099456371
158.8229440031669,mammal endotherm,0.15920563145723227,0.012898604400470207,2.0485943244148817
158.8229440031669,bird endotherm,0.23168772111236788,0.01877099592345573,2.9812648344346835
172.75989140169767,ectotherm,0.008630041047266421,0.0006991931404035296,0.12079253100492572
172.75989140169767,mammal endotherm,0.15563075056302342,0.01260897284654125,2.178324779655421
172.75989140169767,bird endotherm,0.22648529202712606,0.018349502826271787,3.1700581155418583
187.91982647375713,ectotherm,0.008514675718545072,0.0006898464123821238,0.12963581810839261
187.91982647375713,mammal endotherm,0.1521361417879024,0.012325844820779131,2.3162706198632725
187.91982647375713,bird endotherm,0.22139968082181785,0.017937474140656537,3.3708070278896822
204.41006819005239,ectotherm,0.008400852579368132,0.0006806246302728811,0.1391265270859088
204.41006819005239,mammal endotherm,0.1487200026625579,0.01204907428979057,2.4629520972030976
204.41006819005239,bird endotherm,0.21642826441079419,0.01753469734809675,3.5842686806163875
222.3473529191285,ectotherm,0.008288551013935204,0.0006715261238141948,0.14931205604612915
222.3473529191285,mammal endotherm,0.14538057119120384,0.01177851849928735,2.618922409625528
222.3473529191285,bird endotherm,0.211568478608451,0.017140964702073574,3.811248127986277
241.85866081790826,ectotherm,0.00817775068203537,0.00066254924507231,0.160243273139105
241.85866081790826,mammal endotherm,0.14211612494276685,0.011514037900455649,2.7847697872108435
241.85866081790826,bird endotherm,0.2068178168066582,0.016756073120909806,4.052601405590194
263.08211473921995,ectotherm,0.008068431515363144,0.0006536923681428472,0.17197477059990895
263.08211473921995,mammal endotherm,0.1389249801624808,0.01125549607797877,2.9611197106336506
263.08211473921995,bird endotherm,0.20217382868188682,0.01637982408302324,4.309238758818158
286.1679580197835,ectotherm,0.007960573713883689,0.0006449538888563174,0.18456513739093075
286.1679580197835,mammal endotherm,0.13580549090343022,0.01100275967967606,3.148637270115305
286.1679580197835,bird endotherm,0.19763411893136779,0.016012023524532112,4.5821280757800915
311.2796180705332,ectotherm,0.007854157742246607,0.0006363322244875723,0.1980772518044643
311.2796180705332,mammal endotherm,0.1327560481775945,0.010755698347721778,3.3480296737607
311.2796180705332,bird endotherm,0.19319634603762845,0.015652481739159712,4.872298537621631
338.5948632985606,ectotherm,0.007749164326247659,0.0006278258134691391,0.21257859548689076
338.5948632985606,mammal endotherm,0.12977507912595493,0.010514184651408385,3.560048914739446
338.5948632985606,bird endotherm,0.18885822106077166,0.015301013280386593,5.1808445000019585
368.3070615506636,ectotherm,0.0076455744493378035,0.0006194331151083869,0.22814159045274393
368.3070615506636,mammal endotherm,0.12686104620723596,0.01027809402141958,3.7854946073704885
368.3070615506636,bird endotherm,0.1846175064578728,0.01495743686579988,5.508929620372322
400.6265489871691,ectotherm,0.007543369349178886,0.0006111526093084746,0.2448439607717578
400.6265489871691,mammal endotherm,0.12401244640486381,0.010047304685579244,4.025217002806227
400.6265489871691,bird endotherm,0.1804720149288873,0.014621575283590406,5.857791246620913
435.78211907644965,ectotherm,0.007442530514245388,0.0006029827962930291,0.26276912073521935
435.78211907644965,mammal endotherm,0.12122781045173206,0.009821697606043107,4.280120195689558
435.78211907644965,bird endotherm,0.17641960828847283,0.014293255301149421,6.228745083635592
474.02264225090767,ectotherm,0.007343039680471591,0.0005949221963345039,0.2820065914401948
474.02264225090767,mammal endotherm,0.11850570207237435,0.0096011564179007,4.551165533877549
474.02264225090767,bird endotherm,0.17245819636314355,0.013972307575717647,6.623190155384053
515.6188276901584,ectotherm,0.007244878827943564,0.0005869693494861684,0.30265244787211304
515.6188276901584,mammal endotherm,0.11584471724215407,0.009385567369156002,4.839375244091221
515.6188276901584,bird endotherm,0.16858573591318807,0.0136585665670407,7.0426140812255165
560.8651397032811,ectotherm,0.00714803017763537,0.0005791228153176804,0.3248097987185083
560.8651397032811,mammal endotherm,0.11324348346308856,0.009174819262055786,5.145836287165273
560.8651397032811,bird endotherm,0.16480022957879623,0.013351870451985805,7.4885986863531295
610.0818822764359,ectotherm,0.0070524761881889005,0.0005713811726541934,0.3485893013101875
610.0818822764359,mammal endotherm,0.11070065905593428,0.008968803395735416,5.471704457437552
610.0818822764359,bird endotherm,0.16109972484984922,0.013052061041075747,7.962825967526429
663.6174665426095,ectotherm,0.006958199552736789,0.0005637430193189528,0.3741097142615248
663.6174665426095,mammal endotherm,0.10821493246816788,0.00876741351015249,5.818208741738842
663.6174665426095,bird endotherm,0.15748231305884275,0.012758983696896983,8.467084436593233
721.8508772251754,ectotherm,0.006865183195767721,0.0005562069718793292,0.40149849056985226
721.8508772251754,mammal endotherm,0.10578502159750576,0.008570545731279402,6.186655954422519
721.8508772251754,bird endotherm,0.1539461283964233,0.012472487254339849,9.003275865725039
785.1943555155049,ectotherm,0.006773410270033731,0.0005487716653962513,0.43089241413597984
785.1943555155049,mammal endotherm,0.10340967313061447,0.008378098517526635,6.578435665914733
785.1943555155049,bird endotherm,0.15048934694903057,0.012192423942629791,9.573422459805009
854.0963173770411,ectotherm,0.006682864153498799,0.000541435753176986,0.4624382828847283
854.0963173770411,mammal endotherm,0.10108766189666933,0.008189972607369042,6.995025443372743
854.0963173770411,bird endotherm,0.14711018575814905,0.011918649309109297,10.179674483018667
929.0445279348639,ectotherm,0.006593528446328236,0.0005341979065312228,0.4962936418970925
929.0445279348639,mammal endotherm,0.09881779023542898,0.008006070968148182,7.437996423216247
929.0445279348639,bird endotherm,0.1438069019006833,0.011651022144731285,10.824318368410522
1010.5695544226166,ectotherm,0.00650538696791833,0.0005270568145304202,0.5326275702154105
1010.5695544226166,mammal endotherm,0.09659888737949913,0.007826298746024234,7.909019236547994
1010.5695544226166,bird endotherm,0.1405777915899829,0.011389404411225466,11.509785340991103
1099.2485221306085,ectotherm,0.006418423753965687,0.0005200111837703682,0.5716215252509655
1099.2485221306085,mammal endotherm,0.09442980885046745,0.007650563217051761,8.409870309810943
1099.2485221306085,bird endotherm,0.13742118929705388,0.011133661169900198,12.238660586915735
1195.7091999438965,ectotherm,0.006332623053575768,0.0005130597381369257,0.6134702490111285
1195.7091999438965,mammal endotherm,0.09230943586859827,0.007478773739354027,8.942438564444426
1195.7091999438965,bird endotherm,0.1343354668915027,0.010883660512043042,13.013693003315964
1300.6344443923629,ectotherm,0.006247969326410058,0.0005062012185748889,0.6583827406718877
1300.6344443923629,mammal endotherm,0.0902366747757817,0.007310841706371203,9.508732540806625
1300.6344443923629,bird endotherm,0.13131903280176974,0.010639273490884123,13.837805565554467
1414.767033672739,ectotherm,0.006164447239871369,0.0004994343828599489,0.7065833003529449
1414.767033672739,mammal endotherm,0.08821045647144027,0.007146680501158355,10.110887973230609
1414.767033672739,bird endotherm,0.12837033119421928,0.01040037405508721,14.714106351002647
1538.9149258631753,ectotherm,0.006082041666326796,0.0004927580053736987,0.7583126493081517
1538.9149258631753,mammal endotherm,0.0862297358611024,0.006986205451709684,10.75117584478272
1538.9149258631753,bird endotherm,0.12548784117066278,0.010166838983734253,15.645900260916239
1673.956978553886,ectotherm,0.006000737680367769,0.000486170876881648,0.8138291321256969
1673.956978553886,mammal endotherm,0.08429349131735743,0.006829333787285903,11.432010952101079
1673.956978553886,bird endotherm,0.12267007598390156,0.009938547822769803,16.636701484617042
1820.8491703838258,ectotherm,0.005920520556106755,0.0004796718043142047,0.8734100069420324
1820.8491703838258,mammal endotherm,0.08240072415291497,0.006675984595722277,12.155961012616109
1820.8491703838258,bird endotherm,0.11991558227088364,0.009715382822872518,17.690246752988696
1980.6313685263797,ectotherm,0.005841375764510066,0.000473259610550584,0.9373528301130647
1980.6313685263797,mammal endotherm,0.08055045810549592,0.006526078781695272,12.925756348500075
1980.6313685263797,bird endotherm,0.11722293930307967,0.009497228878721732,18.81050943127088
2154.4346900318824,ectotherm,0.005763288970766354,0.00046693313420560734,1.005976942257873
2154.4346900318824,mammal endotherm,0.07874173883429057,0.00637953902592632,13.744300183867868
2154.4346900318824,bird endotherm,0.1145907582536916,0.00928397346962779,20.00171450430177
2343.4895091387884,ectotherm,0.005686246031690275,0.000460691229419351,1.0796250630964999
2343.4895091387884,mammal endotherm,0.07697363342772327,0.006236289745301654,14.614679594064231
2343.4895091387884,bird endotherm,0.11201768148131573,0.009075506601495488,21.268354510724496
2549.1341672382173,ectotherm,0.005610232993160843,0.00045453276564960535,1.1586650030466905
2549.1341672382173,mammal endotherm,0.07524522992226987,0.006096257053887605,15.540177148331889
2549.1341672382173,bird endotherm,0.10950238182969066,0.008871720750090678,22.615206486252415
2772.8244471507223,ectotherm,0.0055352360875940525,0.00044845662746711073,1.2434915001275688
2772.8244471507223,mammal endotherm,0.0735556368320799,0.005959368724821288,16.52428328976989
2772.8244471507223,bird endotherm,0.10704356194316875,0.008672510805580801,24.04734997989325
3016.143878784795,ectotherm,0.005461241731449262,0.00044246171435352816,1.3345281913440206
3016.143878784795,mammal endotherm,0.07190398268916089,0.005825554153057017,17.57070949927226
3016.143878784795,bird endotherm,0.10463995359755882,0.008477774018320738,25.57018621107887
3280.814949132081,ectotherm,0.005388236522768941,0.00043654694050211326,1.4322297283972063
3280.814949132081,mammal endotherm,0.07028941559388788,0.00569474431894925,18.68340229309369
3280.814949132081,bird endotherm,0.10229031704599433,0.008287409945856021,27.189458439950325
3568.711295956224,ectotherm,0.005316207238751278,0.00043071123462105264,1.537084048287402
3568.711295956224,mammal endotherm,0.06871110277560548,0.005566871752653221,19.866558106833175
3568.711295956224,bird endotherm,0.09999344037948947,0.008101320401116045,28.91127362762344
3881.8709714958786,ectotherm,0.005245140833355253,0.0004249535397394303,1.6496148101489148
3881.8709714958786,mammal endotherm,0.06716823016309668,0.005441870499324963,21.124639121969356
3881.8709714958786,bird endotherm,0.09774813890185377,0.00791940940177056,30.74212546812468
4222.5108700771825,ectotherm,0.005175024434937716,0.00041927281301578723,1.7703840104869997
4222.5108700771825,mammal endotherm,0.06566000196469665,0.005319676085102738,22.462390094635943
4222.5108700771825,bird endotherm,0.09555325451864284,0.007741583120723377,32.6889188788605
4593.042421770482,ectotherm,0.005105845343922069,0.00041366802554924166,1.8999947898777025
4593.042421770482,mammal endotherm,0.06418564025783474,0.005200225483852352,23.88485625010578
4593.042421770482,bird endotherm,0.09340765513982976,0.00756774983771769,34.758996041984034
4996.088663188593,ectotherm,0.005037591030498086,0.0004081381621931319,2.0390944451477337
4996.088663188593,mammal endotherm,0.06274438458779312,0.005083457084659165,25.39740231047139
4996.088663188593,bird endotherm,0.09131023409588936,0.007397819892028073,36.96016409487252
5434.502806272774,ectotherm,0.004970249132352512,0.00040268222137115255,2.188377662077683
5434.502806272774,mammal endotherm,0.06133549157547497,0.004969310660050056,27.005732727283238
5434.502806272774,bird endotherm,0.08925990956699341,0.007231705636214744,39.300724574147665
5911.388436516999,ectotherm,0.00490380745242997,0.0003972992148959467,2.3485899847731813
5911.388436516999,mammal endotherm,0.05995823453398031,0.0048577273349289605,28.715913195451595
5911.388436516999,bird endotherm,0.08725562402502386,0.007069321390916285,41.7895047242848
6430.121483616162,ectotherm,0.004838253956723827,0.0003919881677901248,2.520531539030618
6430.121483616162,mammal endotherm,0.05861190309379126,0.00474864955620994,30.534393529549885
6430.121483616162,bird endotherm,0.08529634368811488,0.0069105834006574565,44.43589078888874
6994.374120071094,ectotherm,0.004773576772096573,0.0003867481181096761,2.705061028292517
6994.374120071094,mammal endotherm,0.05729580283637354,0.0046420210631321155,32.46803198879617
6994.374120071094,bird endotherm,0.08338105798744277,0.006755409790649298,47.24986341019234
7608.140756931395,ectotherm,0.004709764184129339,0.0003815781167697381,2.903100022148972
7608.140756931395,mammal endotherm,0.05600925493600527,0.004537786858241168,34.524121142452294
7608.140756931395,bird endotherm,0.081508779045989,0.006603720524559294,50.242035270283935
8275.766320702956,ectotherm,0.004646804635000168,0.00037647722737269875,3.1156375588026095
8275.766320702956,mammal endotherm,0.05475159580964837,0.004435893179022437,36.71041537318985
8275.766320702956,bird endotherm,0.07967854116900738,0.0064554373632297645,53.42369111602438
9001.977011595784,ectotherm,0.004584686721390646,0.00037144452603859405,3.343735084482515
9001.977011595784,mammal endotherm,0.053522176774682004,0.004336287470170995,39.03516012215014
9001.977011595784,bird endotherm,0.07788940034593266,0.006310483824323247,56.806830318604916
9791.913760853446,ectotherm,0.004523399192420528,0.0003664791012377743,3.5885317544753654
9791.913760853446,mammal endotherm,0.05232036371432128,0.004238918356484362,41.5071229859935
9791.913760853446,bird endotherm,0.0761404337634732,0.006168785142873986,60.40421212825607
10651.16862401253,ectotherm,0.004462930947609946,0.0003615800536258058,3.8512501222479503
10651.16862401253,mammal endotherm,0.05114553675054877,0.004143735616363905,44.13562678321845
10651.16862401253,bird endotherm,0.07443073932963697,0.006030268232725218,64.22940379478233
11585.82436772414,ectotherm,0.00440327103486888,0.00035674649588058054,4.13320224507343
11585.82436772414,mammal endotherm,0.04999708992439041,0.0040506901559112605,46.930584714456984
11585.82436772414,bird endotherm,0.07275943520844551,0.00589486164883239,68.29683173540481
12602.497530377337,ectotherm,0.004344408648513515,0.00035197755254160417,4.435796236653826
12602.497530377337,mammal endotherm,0.04887443088337049,0.0039597339836064055,49.90253774935094
12602.497530377337,bird endotherm,0.07112565936509553,0.005762495550412833,72.62183594288813
13708.385261355807,ectotherm,0.0042863331273090815,0.0003472723598514302,4.7605432994635954
13708.385261355807,mammal endotherm,0.04777698057598468,0.003870820185554314,53.06269438101131
13708.385261355807,bird endotherm,0.0695285691213337,0.00563310166492287,77.22072783914753
14911.316270508369,ectotherm,0.004229033952538892,0.00034263006559921575,5.109065271934935
14911.316270508369,mammal endotherm,0.0467041729530335,0.0037839029012874366,56.42297289799117
14911.316270508369,bird endotherm,0.06796734072081508,0.005506613252843814,82.11085179252697
16219.806248510491,ectotherm,0.004172500746099166,0.0003380498289663676,5.483102728176592
16219.806248510491,mammal endotherm,0.04565545467566227,0.0036989373001115266,59.99604633319746
16219.806248510491,bird endotherm,0.06644116890422139,0.005382965073258677,87.31065053075483
17643.11815044419,ectotherm,0.004116723268619346,0.00033353082037425254,5.884523670677515
17643.11815044419,mammal endotherm,0.04463028482995684,0.0036158795579826148,63.79539025926318
17643.11815044419,bird endotherm,0.06494926649391994,0.005262093350201847,92.83973469627789
19191.32776935102,ectotherm,0.00406169141760752,0.00032907222133394257,6.315332859408118
19191.32776935102,mammal endotherm,0.04362813464794792,0.003534686834903188,67.83533361063702
19191.32776935102,bird endotherm,0.06349086398794851,0.005143935739764347,98.71895680629669
20875.395063961016,ectotherm,0.004007395225620646,0.00032467322429796896,6.777681823910129
20875.395063961016,mammal endotherm,0.04264848723488002,0.003455317252825927,72.1311127240617
20875.395063961016,bird endotherm,0.06206520916311714,0.005028431297937732,104.9704898964364
22707.2417455348,ectotherm,0.003953824858459235,0.00032033303251405835,7.2738796083769826
22707.2417455348,mammal endotherm,0.041690837302604596,0.003377729874053613,76.6989288012502
22707.2417455348,bird endotherm,0.060671566687022255,0.0049155204491800435,111.61791114465106
24699.835673065434,ectotherm,0.0039009706133861705,0.000316050859880824,7.806404303387382
24699.835673065434,mammal endotherm,0.04075469090895966,0.003301884680124046,81.55600901047616
24699.835673065434,bird endotherm,0.05930921773877275,0.004805144955687607,118.68629079074319
26867.282654283732,ectotherm,0.0038488229173693394,0.0003118259308053863,8.377915421883435
26867.282654283732,mammal endotherm,0.03983956520300143,0.003227742551169097,86.720671457519
26867.282654283732,bird endotherm,0.05797745963823242,0.004697247887356793,126.20228668685206
29224.92630233715,ectotherm,0.0037973723253477373,0.0003076574800628954,8.991267181200879
29224.92630233715,mammal endotherm,0.03894498817595665,0.0031552652457372283,92.21239427099621
29224.92630233715,bird endotherm,0.05667560548358739,0.004591773592420275,134.19424483550043
31789.45665503921,ectotherm,0.0037466095185207777,0.00030354475265793337,9.64952275748397
31789.45665503921,mammal endotherm,0.03807049841776728,0.0030844153810691086,98.05188906263267
31789.45665503921,bird endotherm,0.055402983797052247,0.0044886676687426585,142.69230629437064
34579.02832561806,ectotherm,0.0036965253026604587,0.00029948700368776865,10.355969583673833
34579.02832561806,mammal endotherm,0.03721564487910181,0.003015156413816119,104.26117903951656
34579.02832561806,bird endotherm,0.05415893817853119,0.0043878769357606285,151.72852085099296
37613.38902136763,ectotherm,0.003647110606446088,0.0002954834982074377,11.114135767470938
37613.38902136763,mammal endotherm,0.03637998663871036,0.0029474526211918112,110.86368206293731
37613.38902136763,bird endotherm,0.052942826967056364,0.004289349407053177,161.33696789606373
40914.01933999982,ectotherm,0.0035983564798212726,0.0002915335110966309,11.927807711265608
40914.01933999982,mammal endotherm,0.0355630926760038,0.0028812690825466038,117.88429896705527
40914.01933999982,bird endotherm,0.051754022909828175,0.004193034263527746,171.55388495125607
44504.28483333239,ectotherm,0.003550254092372874,0.00028763632692835783,12.801049022033153
44504.28483333239,mammal endotherm,0.03476454164873955,0.0028165716613562136,125.34950747048916
44504.28483333239,bird endotherm,0.05059191283868729,0.004098881827208461,182.41780433625527
48409.60141478949,ectotherm,0.003502794731731633,0.0002837912398393684,13.738220805632752
48409.60141478949,mammal endotherm,0.03398392167569925,0.0027533269876145222,133.28746203500205
48409.60141478949,bird endotherm,0.04945589735385131,0.004006843535612953,193.96969849044893
52657.61528165439,ectotherm,0.0034559698019941735,0.00027999755340230573,14.744003446863095
52657.61528165439,mammal endotherm,0.03322083012424629,0.0026915024406218057,141.72810004789687
52657.61528165439,bird endotherm,0.0483453905147529,0.003916871916704518,206.25313449734273
57278.39862576526,ectotherm,0.003409770822166098,0.00027625458049956815,15.823419984047822
57278.39862576526,mammal endotherm,0.03247487340265364,0.0026310661321594384,150.70325472857868
57278.39862576526,bird endotherm,0.04725981953781996,0.0038289205644067093,219.3144383944776
62304.66251811239,ectotherm,0.003364189424625901,0.0002725616431988577,16.981861194886992
62304.66251811239,mammal endotherm,0.03174566675709483,0.0025719868900424053,160.2467751851015
62304.66251811239,bird endotherm,0.04619862450104201,0.003742944114667755,233.20286988852945
67771.98847437253,ectotherm,0.0033192173536094128,0.00026891807263039225,18.22511251885742
67771.98847437253,mammal endotherm,0.031032834073193526,0.002514234242041142,170.39465407348501
67771.98847437253,bird endotherm,0.04516125805517057,0.0036588982220624308,247.9708081345172
73719.08034066061,ectotherm,0.003274846463714509,0.0002653232088657588,19.55938295061675
73719.08034066061,mammal endotherm,0.030336007682029004,0.0024577784001643867,181.18516334125874
73719.08034066061,bird endotherm,0.044147185141404116,0.003576739536919315,263.6739492797722
80188.03828262752,ectotherm,0.0032310687184257947,0.00026177640079838615,20.99133604870943
80188.03828262752,mammal endotherm,0.02965482817049778,0.002402590245294959,192.6589985671796
80188.03828262752,bird endotherm,0.043155882715412354,0.003496425682961649,280.3715165176908
87224.65681750428,ectotherm,0.0031878761886590264,0.00025827700602561556,22.528123214436803
87224.65681750428,mammal endotherm,0.028988944195933473,0.0023486413121705362,204.85943244148797
87224.65681750428,bird endotherm,0.042186839477557456,0.003417915235450257,298.126483443468
94878.74899889744,ectotherm,0.0031452610513249906,0.0002548243907323488,24.177419407091488
94878.74899889744,mammal endotherm,0.028338012304889353,0.0022959037747016836,217.8324779655422
94878.74899889744,bird endotherm,0.04123955560917313,0.0033411676998172674,317.00581155418604
103204.49904927851,ectotherm,0.0031032155879125653,0.0002514179295762495,25.947461473923614
103204.49904927851,mammal endotherm,0.027701696755989828,0.002244350431619546,231.62706198632728
103204.49904927851,bird endotherm,0.0403135425147651,0.0032661434907795797,337.0807027889683
112260.8459364942,ectotherm,0.003061732183090736,0.0002480570055744809,27.847089286264882
112260.8459364942,mammal endotherm,0.027079669346759913,0.0021939546924458265,246.29520972030943
112260.8459364942,bird endotherm,0.03940832257000062,0.0031928039119213467,358.4268680616383
122111.90060968,ectotherm,0.0030208033233292985,0.00024474100999195706,29.88578988725056
122111.90060968,mammal endotherm,0.02647160924434305,0.0021446905637777934,261.8922409625525
122111.90060968,bird endotherm,0.038523428875356654,0.003121111135734914,381.12481279862726
132827.39984823985,ectotherm,0.0029804215955380004,0.000241469342231088,32.07374487162019
132827.39984823985,mammal endotherm,0.025877202820020127,0.0020965326358812603,278.4769787210844
132827.39984823985,bird endotherm,0.03765840501529978,0.0030510281841099355,405.26014055901953
144483.19993674356,ectotherm,0.0029405796857238675,0.00023824140972299851,34.42188123421963
144483.19993674356,mammal endotherm,0.02529614348744427,0.0020494560695846053,296.11197106336516
144483.19993674356,bird endotherm,0.03681280482287355,0.0029825189092605887,430.92387588181595
157161.8136605242,ectotherm,0.0029012703776664837,0.00023505662782020122,36.941925941149655
157161.8136605242,mammal endotherm,0.02472813154450794,0.0020034365834670784,314.8637270115302
157161.8136605242,bird endotherm,0.03598619214957197,0.002915547975081063,458.21280757800866
170952.9944234296,ectotherm,0.0028624865516109813,0.00023191441969070453,39.64646449609792
170952.9944234296,mammal endotherm,0.02417287401876084,0.0019584504413347904,334.80296737606966
170952.9944234296,bird endotherm,0.035178140640380266,0.0028500808389196972,487.2298537621626
185954.3716227668,ectotherm,0.002824221182978505,0.00022881421621353631,42.549003794344046
185954.3716227668,mammal endotherm,0.023630084516299044,0.0019144744399779317,356.00489147394467
185954.3716227668,bird endotherm,0.034388233513867134,0.0027860837337623837,518.084450000196
202272.14177933603,ectotherm,0.0027864673410939035,0.00022575545587566345,45.66403957834084
202272.14177933603,mammal endotherm,0.023099483074046988,0.0018714858972028808,378.549460737049
202272.14177933603,bird endotherm,0.03361606334721484,0.0027235236508160172,550.8929620372323
220021.8203151435,ectotherm,0.002749218187930439,0.0002227375846702902,49.00712883175565
220021.8203151435,mammal endotherm,0.02258079601535652,0.0018294626401330512,402.5217002806222
220021.8203151435,bird endotherm,0.03286123186607622,0.0026623683224830273,585.7791246620907
239329.05930071522,ectotherm,0.0027124669768712768,0.00021976005599651547,52.59496747351855
239329.05930071522,mammal endotherm,0.022073755808848423,0.0017883829937724418,428.01201956895534
239329.05930071522,bird endotherm,0.03212334973915056,0.0026025862057182172,622.8745083635587
260330.53696094226,ectotherm,0.0026762070514875272,0.00021682233056033207,56.44547373989417
260330.53696094226,mammal endotherm,0.021578100930423578,0.0017482257698259842,455.1165533877551
260330.53696094226,bird endotherm,0.03140203637737209,0.002544146465759313,662.3190155384054
283174.92523637664,ectotherm,0.0026404318443326263,0.00021392387627694888,60.577877671000884
283174.92523637664,mammal endotherm,0.021093575728372525,0.0017089702557709222,483.9375244091224
283174.92523637664,bird endotherm,0.030696919737607537,0.002487018960222833,704.2614081225519
308023.9422494574,ectotherm,0.002605134875752825,0.00021106416817441868,65.0128171486869
308023.9422494574,mammal endotherm,0.02061993029151395,0.0016705962041735837,514.5836287165267
308023.9422494574,bird endotherm,0.030007636130761548,0.00243117422355707,748.8598686353124
335053.49712619657,ectotherm,0.002570309752713591,0.00020824268829855482,69.77244096539128
335053.49712619657,mammal endotherm,0.020156920320294088,0.0016330838222460486,547.1704457437546
335053.49712619657,bird endotherm,0.029333830034191086,0.002376583451844185,796.282596752642
364454.9352776552,ectotherm,0.0025359501676416947,0.00020545892561911878,74.8805194387325
364454.9352776552,mammal endotherm,0.019704307000780526,0.001596413761637311,581.8208741738842
364454.9352776552,bird endotherm,0.02867515390833199,0.002323218487943564,846.7084436593236
396436.3929567065,ectotherm,0.00250204989728277,0.00020271237593726143,80.36256312425179
396436.3929567065,mammal endotherm,0.019261856881485354,0.0015605671084536745,618.6655954422522
396436.3929567065,bird endotherm,0.028031268017442938,0.0022710518069687566,900.3275865725044
431224.2706791514,ectotherm,0.0024686028015741485,0.00020000254179420186,86.2459502191812
431224.2706791514,mammal endotherm,0.018829341752954216,0.0015255253735032349,657.8435665914725
431224.2706791514,bird endotherm,0.027401840254374633,0.0022200565020905373,957.3422459804999
469064.8359397062,ectotherm,0.0024356028225327665,0.0001973289323811269,92.56006329351067
469064.8359397062,mammal endotherm,0.018406538530059115,0.001491270482759419,699.5025443372733
469064.8359397062,bird endotherm,0.026786545969273642,0.002170206270658744,1017.9674483018654
510225.96656867856,ectotherm,0.002403043983157934,0.00019469106345029562,99.33643603121101
510225.96656867856,mammal endotherm,0.017993229136934383,0.0014577847680386654,743.7996423216249
510225.96656867856,bird endotherm,0.026185067802132745,0.002121475400635755,1082.4318368410527
554999.0470707652,ectotherm,0.002370920386348776,0.0001920884572273314,106.60891071446235
554999.0470707652,mammal endotherm,0.017589200394496168,0.0014250509578874208,790.9019236547997
554999.0470707652,bird endotherm,0.025597095519101085,0.0020738387573345785,1150.978534099111
603701.0313703744,ectotherm,0.0023392262138361296,0.0001895206423246864,114.41380723738901
603701.0313703744,mammal endotherm,0.017194243910487704,0.0013930521686737725,840.9870309810932
603701.0313703744,bird endotherm,0.02502232585246994,0.0020272717704547406,1223.8660586915717
656676.6865658864,ectotherm,0.002307955725128745,0.00018698715365626404,122.79010449338173
656676.6865658864,mammal endotherm,0.016808155971993633,0.0013617718958791136,894.2438564444416
656676.6865658864,bird endotherm,0.024460462344251678,0.0019817504214092794,1301.3693003315946
714301.0335766557,ectotherm,0.002277103256473552,0.00018448753235318128,131.7796350418841
714301.0335766557,mammal endotherm,0.01643073744036773,0.0013311940055853483,950.8732540806626
714301.0335766557,bird endotherm,0.023911215193270895,0.0019372512309362992,1383.780556555447
776982.0019603893,ectotherm,0.00224666321982984,0.00018202132568065832,141.42729402684193
776982.0019603893,mammal endotherm,0.01606179364852007,0.0013013027261532463,1011.0887973230616
776982.0019603893,bird endotherm,0.02337430110568912,0.001893751246988702,1471.4106351002654
845163.3176946647,ectotherm,0.0022166301018571345,0.00017958808695601786,151.78126339018598
845163.3176946647,mammal endotherm,0.015701134300510487,0.001272082640087655,1075.1175844782706
845163.3176946647,bird endotherm,0.022849443148885883,0.001851228032895847,1564.590026091622
919327.6443655248,ectotherm,0.002186998462916623,0.00017718737546778193,162.89325250010575
919327.6443655248,mammal endotherm,0.015348573373396667,0.001243518676085378,1143.2010952101066
919327.6443655248,bird endotherm,0.022336370608620825,0.001809659655791039,1663.6701484617022
1000000.0,ectotherm,0.0021577629360859138,0.0001748187563958495,174.8187563958495
1000000.0,mammal endotherm,0.015003929021286177,0.0012155961012616115,1215.5961012616115
1000000.0,bird endotherm,0.021834818849403196,0.0017690246752988701,1769.02467529887
